Submarine,Mass_tonnes,Distance_km,Condition,DetectionChance_per2s
Subfighter (40t),40,0.5,Base,1
Subfighter (40t),40,0.5,TowedArray,1
Subfighter (40t),40,0.5,NearSeafloor,0.5
Subfighter (40t),40,0.5,NearWrecks,0.7
Subfighter (40t),40,0.5,Seafloor+Wrecks,0.35
Subfighter (40t),40,0.5,Towed+Seafloor,0.75
Subfighter (40t),40,0.5,Towed+Wrecks,1
Subfighter (40t),40,0.5,Towed+Seafloor+Wrecks,0.525
Subfighter (40t),40,1,Base,0.5
Subfighter (40t),40,1,TowedArray,0.75
Subfighter (40t),40,1,NearSeafloor,0.25
Subfighter (40t),40,1,NearWrecks,0.35
Subfighter (40t),40,1,Seafloor+Wrecks,0.175
Subfighter (40t),40,1,Towed+Seafloor,0.375
Subfighter (40t),40,1,Towed+Wrecks,0.525
Subfighter (40t),40,1,Towed+Seafloor+Wrecks,0.262
Subfighter (40t),40,1.5,Base,0.222
Subfighter (40t),40,1.5,TowedArray,0.333
Subfighter (40t),40,1.5,NearSeafloor,0.111
Subfighter (40t),40,1.5,NearWrecks,0.156
Subfighter (40t),40,1.5,Seafloor+Wrecks,0.078
Subfighter (40t),40,1.5,Towed+Seafloor,0.167
Subfighter (40t),40,1.5,Towed+Wrecks,0.233
Subfighter (40t),40,1.5,Towed+Seafloor+Wrecks,0.117
Subfighter (40t),40,2,Base,0.125
Subfighter (40t),40,2,TowedArray,0.188
Subfighter (40t),40,2,NearSeafloor,0.062
Subfighter (40t),40,2,NearWrecks,0.088
Subfighter (40t),40,2,Seafloor+Wrecks,0.044
Subfighter (40t),40,2,Towed+Seafloor,0.094
Subfighter (40t),40,2,Towed+Wrecks,0.131
Subfighter (40t),40,2,Towed+Seafloor+Wrecks,0.066
Subfighter (40t),40,2.5,Base,0.08
Subfighter (40t),40,2.5,TowedArray,0.12
Subfighter (40t),40,2.5,NearSeafloor,0.04
Subfighter (40t),40,2.5,NearWrecks,0.056
Subfighter (40t),40,2.5,Seafloor+Wrecks,0.028
Subfighter (40t),40,2.5,Towed+Seafloor,0.06
Subfighter (40t),40,2.5,Towed+Wrecks,0.084
Subfighter (40t),40,2.5,Towed+Seafloor+Wrecks,0.042
Subfighter (40t),40,3,Base,0.056
Subfighter (40t),40,3,TowedArray,0.083
Subfighter (40t),40,3,NearSeafloor,0.028
Subfighter (40t),40,3,NearWrecks,0.039
Subfighter (40t),40,3,Seafloor+Wrecks,0.019
Subfighter (40t),40,3,Towed+Seafloor,0.042
Subfighter (40t),40,3,Towed+Wrecks,0.058
Subfighter (40t),40,3,Towed+Seafloor+Wrecks,0.029
Subfighter (40t),40,3.5,Base,0.041
Subfighter (40t),40,3.5,TowedArray,0.061
Subfighter (40t),40,3.5,NearSeafloor,0.02
Subfighter (40t),40,3.5,NearWrecks,0.029
Subfighter (40t),40,3.5,Seafloor+Wrecks,0.014
Subfighter (40t),40,3.5,Towed+Seafloor,0.031
Subfighter (40t),40,3.5,Towed+Wrecks,0.043
Subfighter (40t),40,3.5,Towed+Seafloor+Wrecks,0.021
Subfighter (40t),40,4,Base,0.031
Subfighter (40t),40,4,TowedArray,0.047
Subfighter (40t),40,4,NearSeafloor,0.016
Subfighter (40t),40,4,NearWrecks,0.022
Subfighter (40t),40,4,Seafloor+Wrecks,0.011
Subfighter (40t),40,4,Towed+Seafloor,0.023
Subfighter (40t),40,4,Towed+Wrecks,0.033
Subfighter (40t),40,4,Towed+Seafloor+Wrecks,0.016
Subfighter (40t),40,4.5,Base,0.025
Subfighter (40t),40,4.5,TowedArray,0.037
Subfighter (40t),40,4.5,NearSeafloor,0.012
Subfighter (40t),40,4.5,NearWrecks,0.017
Subfighter (40t),40,4.5,Seafloor+Wrecks,0.009
Subfighter (40t),40,4.5,Towed+Seafloor,0.019
Subfighter (40t),40,4.5,Towed+Wrecks,0.026
Subfighter (40t),40,4.5,Towed+Seafloor+Wrecks,0.013
Subfighter (40t),40,5,Base,0.02
Subfighter (40t),40,5,TowedArray,0.03
Subfighter (40t),40,5,NearSeafloor,0.01
Subfighter (40t),40,5,NearWrecks,0.014
Subfighter (40t),40,5,Seafloor+Wrecks,0.007
Subfighter (40t),40,5,Towed+Seafloor,0.015
Subfighter (40t),40,5,Towed+Wrecks,0.021
Subfighter (40t),40,5,Towed+Seafloor+Wrecks,0.011
Subfighter (40t),40,5.5,Base,0.017
Subfighter (40t),40,5.5,TowedArray,0.025
Subfighter (40t),40,5.5,NearSeafloor,0.008
Subfighter (40t),40,5.5,NearWrecks,0.012
Subfighter (40t),40,5.5,Seafloor+Wrecks,0.006
Subfighter (40t),40,5.5,Towed+Seafloor,0.012
Subfighter (40t),40,5.5,Towed+Wrecks,0.017
Subfighter (40t),40,5.5,Towed+Seafloor+Wrecks,0.009
Subfighter (40t),40,6,Base,0.014
Subfighter (40t),40,6,TowedArray,0.021
Subfighter (40t),40,6,NearSeafloor,0.007
Subfighter (40t),40,6,NearWrecks,0.01
Subfighter (40t),40,6,Seafloor+Wrecks,0.005
Subfighter (40t),40,6,Towed+Seafloor,0.01
Subfighter (40t),40,6,Towed+Wrecks,0.015
Subfighter (40t),40,6,Towed+Seafloor+Wrecks,0.007
Subfighter (40t),40,6.5,Base,0.012
Subfighter (40t),40,6.5,TowedArray,0.018
Subfighter (40t),40,6.5,NearSeafloor,0.006
Subfighter (40t),40,6.5,NearWrecks,0.008
Subfighter (40t),40,6.5,Seafloor+Wrecks,0.004
Subfighter (40t),40,6.5,Towed+Seafloor,0.009
Subfighter (40t),40,6.5,Towed+Wrecks,0.012
Subfighter (40t),40,6.5,Towed+Seafloor+Wrecks,0.006
Subfighter (40t),40,7,Base,0.01
Subfighter (40t),40,7,TowedArray,0.015
Subfighter (40t),40,7,NearSeafloor,0.005
Subfighter (40t),40,7,NearWrecks,0.007
Subfighter (40t),40,7,Seafloor+Wrecks,0.004
Subfighter (40t),40,7,Towed+Seafloor,0.008
Subfighter (40t),40,7,Towed+Wrecks,0.011
Subfighter (40t),40,7,Towed+Seafloor+Wrecks,0.005
Subfighter (40t),40,7.5,Base,0.009
Subfighter (40t),40,7.5,TowedArray,0.013
Subfighter (40t),40,7.5,NearSeafloor,0.004
Subfighter (40t),40,7.5,NearWrecks,0.006
Subfighter (40t),40,7.5,Seafloor+Wrecks,0.003
Subfighter (40t),40,7.5,Towed+Seafloor,0.007
Subfighter (40t),40,7.5,Towed+Wrecks,0.009
Subfighter (40t),40,7.5,Towed+Seafloor+Wrecks,0.005
Subfighter (40t),40,8,Base,0.008
Subfighter (40t),40,8,TowedArray,0.012
Subfighter (40t),40,8,NearSeafloor,0.004
Subfighter (40t),40,8,NearWrecks,0.005
Subfighter (40t),40,8,Seafloor+Wrecks,0.003
Subfighter (40t),40,8,Towed+Seafloor,0.006
Subfighter (40t),40,8,Towed+Wrecks,0.008
Subfighter (40t),40,8,Towed+Seafloor+Wrecks,0.004
Subfighter (40t),40,8.5,Base,0.007
Subfighter (40t),40,8.5,TowedArray,0.01
Subfighter (40t),40,8.5,NearSeafloor,0.003
Subfighter (40t),40,8.5,NearWrecks,0.005
Subfighter (40t),40,8.5,Seafloor+Wrecks,0.002
Subfighter (40t),40,8.5,Towed+Seafloor,0.005
Subfighter (40t),40,8.5,Towed+Wrecks,0.007
Subfighter (40t),40,8.5,Towed+Seafloor+Wrecks,0.004
Subfighter (40t),40,9,Base,0.006
Subfighter (40t),40,9,TowedArray,0.009
Subfighter (40t),40,9,NearSeafloor,0.003
Subfighter (40t),40,9,NearWrecks,0.004
Subfighter (40t),40,9,Seafloor+Wrecks,0.002
Subfighter (40t),40,9,Towed+Seafloor,0.005
Subfighter (40t),40,9,Towed+Wrecks,0.006
Subfighter (40t),40,9,Towed+Seafloor+Wrecks,0.003
Subfighter (40t),40,9.5,Base,0.006
Subfighter (40t),40,9.5,TowedArray,0.008
Subfighter (40t),40,9.5,NearSeafloor,0.003
Subfighter (40t),40,9.5,NearWrecks,0.004
Subfighter (40t),40,9.5,Seafloor+Wrecks,0.002
Subfighter (40t),40,9.5,Towed+Seafloor,0.004
Subfighter (40t),40,9.5,Towed+Wrecks,0.006
Subfighter (40t),40,9.5,Towed+Seafloor+Wrecks,0.003
Subfighter (40t),40,10,Base,0.005
Subfighter (40t),40,10,TowedArray,0.008
Subfighter (40t),40,10,NearSeafloor,0.003
Subfighter (40t),40,10,NearWrecks,0.004
Subfighter (40t),40,10,Seafloor+Wrecks,0.002
Subfighter (40t),40,10,Towed+Seafloor,0.004
Subfighter (40t),40,10,Towed+Wrecks,0.005
Subfighter (40t),40,10,Towed+Seafloor+Wrecks,0.003
Light (100t),100,0.5,Base,1
Light (100t),100,0.5,TowedArray,1
Light (100t),100,0.5,NearSeafloor,0.5
Light (100t),100,0.5,NearWrecks,0.7
Light (100t),100,0.5,Seafloor+Wrecks,0.35
Light (100t),100,0.5,Towed+Seafloor,0.75
Light (100t),100,0.5,Towed+Wrecks,1
Light (100t),100,0.5,Towed+Seafloor+Wrecks,0.525
Light (100t),100,1,Base,1
Light (100t),100,1,TowedArray,1
Light (100t),100,1,NearSeafloor,0.5
Light (100t),100,1,NearWrecks,0.7
Light (100t),100,1,Seafloor+Wrecks,0.35
Light (100t),100,1,Towed+Seafloor,0.75
Light (100t),100,1,Towed+Wrecks,1
Light (100t),100,1,Towed+Seafloor+Wrecks,0.525
Light (100t),100,1.5,Base,0.5
Light (100t),100,1.5,TowedArray,0.75
Light (100t),100,1.5,NearSeafloor,0.25
Light (100t),100,1.5,NearWrecks,0.35
Light (100t),100,1.5,Seafloor+Wrecks,0.175
Light (100t),100,1.5,Towed+Seafloor,0.375
Light (100t),100,1.5,Towed+Wrecks,0.525
Light (100t),100,1.5,Towed+Seafloor+Wrecks,0.262
Light (100t),100,2,Base,0.281
Light (100t),100,2,TowedArray,0.422
Light (100t),100,2,NearSeafloor,0.141
Light (100t),100,2,NearWrecks,0.197
Light (100t),100,2,Seafloor+Wrecks,0.098
Light (100t),100,2,Towed+Seafloor,0.211
Light (100t),100,2,Towed+Wrecks,0.295
Light (100t),100,2,Towed+Seafloor+Wrecks,0.148
Light (100t),100,2.5,Base,0.18
Light (100t),100,2.5,TowedArray,0.27
Light (100t),100,2.5,NearSeafloor,0.09
Light (100t),100,2.5,NearWrecks,0.126
Light (100t),100,2.5,Seafloor+Wrecks,0.063
Light (100t),100,2.5,Towed+Seafloor,0.135
Light (100t),100,2.5,Towed+Wrecks,0.189
Light (100t),100,2.5,Towed+Seafloor+Wrecks,0.094
Light (100t),100,3,Base,0.125
Light (100t),100,3,TowedArray,0.188
Light (100t),100,3,NearSeafloor,0.062
Light (100t),100,3,NearWrecks,0.088
Light (100t),100,3,Seafloor+Wrecks,0.044
Light (100t),100,3,Towed+Seafloor,0.094
Light (100t),100,3,Towed+Wrecks,0.131
Light (100t),100,3,Towed+Seafloor+Wrecks,0.066
Light (100t),100,3.5,Base,0.092
Light (100t),100,3.5,TowedArray,0.138
Light (100t),100,3.5,NearSeafloor,0.046
Light (100t),100,3.5,NearWrecks,0.064
Light (100t),100,3.5,Seafloor+Wrecks,0.032
Light (100t),100,3.5,Towed+Seafloor,0.069
Light (100t),100,3.5,Towed+Wrecks,0.096
Light (100t),100,3.5,Towed+Seafloor+Wrecks,0.048
Light (100t),100,4,Base,0.07
Light (100t),100,4,TowedArray,0.105
Light (100t),100,4,NearSeafloor,0.035
Light (100t),100,4,NearWrecks,0.049
Light (100t),100,4,Seafloor+Wrecks,0.025
Light (100t),100,4,Towed+Seafloor,0.053
Light (100t),100,4,Towed+Wrecks,0.074
Light (100t),100,4,Towed+Seafloor+Wrecks,0.037
Light (100t),100,4.5,Base,0.056
Light (100t),100,4.5,TowedArray,0.083
Light (100t),100,4.5,NearSeafloor,0.028
Light (100t),100,4.5,NearWrecks,0.039
Light (100t),100,4.5,Seafloor+Wrecks,0.019
Light (100t),100,4.5,Towed+Seafloor,0.042
Light (100t),100,4.5,Towed+Wrecks,0.058
Light (100t),100,4.5,Towed+Seafloor+Wrecks,0.029
Light (100t),100,5,Base,0.045
Light (100t),100,5,TowedArray,0.068
Light (100t),100,5,NearSeafloor,0.022
Light (100t),100,5,NearWrecks,0.032
Light (100t),100,5,Seafloor+Wrecks,0.016
Light (100t),100,5,Towed+Seafloor,0.034
Light (100t),100,5,Towed+Wrecks,0.047
Light (100t),100,5,Towed+Seafloor+Wrecks,0.024
Light (100t),100,5.5,Base,0.037
Light (100t),100,5.5,TowedArray,0.056
Light (100t),100,5.5,NearSeafloor,0.019
Light (100t),100,5.5,NearWrecks,0.026
Light (100t),100,5.5,Seafloor+Wrecks,0.013
Light (100t),100,5.5,Towed+Seafloor,0.028
Light (100t),100,5.5,Towed+Wrecks,0.039
Light (100t),100,5.5,Towed+Seafloor+Wrecks,0.02
Light (100t),100,6,Base,0.031
Light (100t),100,6,TowedArray,0.047
Light (100t),100,6,NearSeafloor,0.016
Light (100t),100,6,NearWrecks,0.022
Light (100t),100,6,Seafloor+Wrecks,0.011
Light (100t),100,6,Towed+Seafloor,0.023
Light (100t),100,6,Towed+Wrecks,0.033
Light (100t),100,6,Towed+Seafloor+Wrecks,0.016
Light (100t),100,6.5,Base,0.027
Light (100t),100,6.5,TowedArray,0.04
Light (100t),100,6.5,NearSeafloor,0.013
Light (100t),100,6.5,NearWrecks,0.019
Light (100t),100,6.5,Seafloor+Wrecks,0.009
Light (100t),100,6.5,Towed+Seafloor,0.02
Light (100t),100,6.5,Towed+Wrecks,0.028
Light (100t),100,6.5,Towed+Seafloor+Wrecks,0.014
Light (100t),100,7,Base,0.023
Light (100t),100,7,TowedArray,0.034
Light (100t),100,7,NearSeafloor,0.011
Light (100t),100,7,NearWrecks,0.016
Light (100t),100,7,Seafloor+Wrecks,0.008
Light (100t),100,7,Towed+Seafloor,0.017
Light (100t),100,7,Towed+Wrecks,0.024
Light (100t),100,7,Towed+Seafloor+Wrecks,0.012
Light (100t),100,7.5,Base,0.02
Light (100t),100,7.5,TowedArray,0.03
Light (100t),100,7.5,NearSeafloor,0.01
Light (100t),100,7.5,NearWrecks,0.014
Light (100t),100,7.5,Seafloor+Wrecks,0.007
Light (100t),100,7.5,Towed+Seafloor,0.015
Light (100t),100,7.5,Towed+Wrecks,0.021
Light (100t),100,7.5,Towed+Seafloor+Wrecks,0.011
Light (100t),100,8,Base,0.018
Light (100t),100,8,TowedArray,0.026
Light (100t),100,8,NearSeafloor,0.009
Light (100t),100,8,NearWrecks,0.012
Light (100t),100,8,Seafloor+Wrecks,0.006
Light (100t),100,8,Towed+Seafloor,0.013
Light (100t),100,8,Towed+Wrecks,0.018
Light (100t),100,8,Towed+Seafloor+Wrecks,0.009
Light (100t),100,8.5,Base,0.016
Light (100t),100,8.5,TowedArray,0.023
Light (100t),100,8.5,NearSeafloor,0.008
Light (100t),100,8.5,NearWrecks,0.011
Light (100t),100,8.5,Seafloor+Wrecks,0.005
Light (100t),100,8.5,Towed+Seafloor,0.012
Light (100t),100,8.5,Towed+Wrecks,0.016
Light (100t),100,8.5,Towed+Seafloor+Wrecks,0.008
Light (100t),100,9,Base,0.014
Light (100t),100,9,TowedArray,0.021
Light (100t),100,9,NearSeafloor,0.007
Light (100t),100,9,NearWrecks,0.01
Light (100t),100,9,Seafloor+Wrecks,0.005
Light (100t),100,9,Towed+Seafloor,0.01
Light (100t),100,9,Towed+Wrecks,0.015
Light (100t),100,9,Towed+Seafloor+Wrecks,0.007
Light (100t),100,9.5,Base,0.012
Light (100t),100,9.5,TowedArray,0.019
Light (100t),100,9.5,NearSeafloor,0.006
Light (100t),100,9.5,NearWrecks,0.009
Light (100t),100,9.5,Seafloor+Wrecks,0.004
Light (100t),100,9.5,Towed+Seafloor,0.009
Light (100t),100,9.5,Towed+Wrecks,0.013
Light (100t),100,9.5,Towed+Seafloor+Wrecks,0.007
Light (100t),100,10,Base,0.011
Light (100t),100,10,TowedArray,0.017
Light (100t),100,10,NearSeafloor,0.006
Light (100t),100,10,NearWrecks,0.008
Light (100t),100,10,Seafloor+Wrecks,0.004
Light (100t),100,10,Towed+Seafloor,0.008
Light (100t),100,10,Towed+Wrecks,0.012
Light (100t),100,10,Towed+Seafloor+Wrecks,0.006
Medium (200t),200,0.5,Base,1
Medium (200t),200,0.5,TowedArray,1
Medium (200t),200,0.5,NearSeafloor,0.5
Medium (200t),200,0.5,NearWrecks,0.7
Medium (200t),200,0.5,Seafloor+Wrecks,0.35
Medium (200t),200,0.5,Towed+Seafloor,0.75
Medium (200t),200,0.5,Towed+Wrecks,1
Medium (200t),200,0.5,Towed+Seafloor+Wrecks,0.525
Medium (200t),200,1,Base,1
Medium (200t),200,1,TowedArray,1
Medium (200t),200,1,NearSeafloor,0.5
Medium (200t),200,1,NearWrecks,0.7
Medium (200t),200,1,Seafloor+Wrecks,0.35
Medium (200t),200,1,Towed+Seafloor,0.75
Medium (200t),200,1,Towed+Wrecks,1
Medium (200t),200,1,Towed+Seafloor+Wrecks,0.525
Medium (200t),200,1.5,Base,0.889
Medium (200t),200,1.5,TowedArray,1
Medium (200t),200,1.5,NearSeafloor,0.444
Medium (200t),200,1.5,NearWrecks,0.622
Medium (200t),200,1.5,Seafloor+Wrecks,0.311
Medium (200t),200,1.5,Towed+Seafloor,0.667
Medium (200t),200,1.5,Towed+Wrecks,0.933
Medium (200t),200,1.5,Towed+Seafloor+Wrecks,0.467
Medium (200t),200,2,Base,0.5
Medium (200t),200,2,TowedArray,0.75
Medium (200t),200,2,NearSeafloor,0.25
Medium (200t),200,2,NearWrecks,0.35
Medium (200t),200,2,Seafloor+Wrecks,0.175
Medium (200t),200,2,Towed+Seafloor,0.375
Medium (200t),200,2,Towed+Wrecks,0.525
Medium (200t),200,2,Towed+Seafloor+Wrecks,0.262
Medium (200t),200,2.5,Base,0.32
Medium (200t),200,2.5,TowedArray,0.48
Medium (200t),200,2.5,NearSeafloor,0.16
Medium (200t),200,2.5,NearWrecks,0.224
Medium (200t),200,2.5,Seafloor+Wrecks,0.112
Medium (200t),200,2.5,Towed+Seafloor,0.24
Medium (200t),200,2.5,Towed+Wrecks,0.336
Medium (200t),200,2.5,Towed+Seafloor+Wrecks,0.168
Medium (200t),200,3,Base,0.222
Medium (200t),200,3,TowedArray,0.333
Medium (200t),200,3,NearSeafloor,0.111
Medium (200t),200,3,NearWrecks,0.156
Medium (200t),200,3,Seafloor+Wrecks,0.078
Medium (200t),200,3,Towed+Seafloor,0.167
Medium (200t),200,3,Towed+Wrecks,0.233
Medium (200t),200,3,Towed+Seafloor+Wrecks,0.117
Medium (200t),200,3.5,Base,0.163
Medium (200t),200,3.5,TowedArray,0.245
Medium (200t),200,3.5,NearSeafloor,0.082
Medium (200t),200,3.5,NearWrecks,0.114
Medium (200t),200,3.5,Seafloor+Wrecks,0.057
Medium (200t),200,3.5,Towed+Seafloor,0.122
Medium (200t),200,3.5,Towed+Wrecks,0.171
Medium (200t),200,3.5,Towed+Seafloor+Wrecks,0.086
Medium (200t),200,4,Base,0.125
Medium (200t),200,4,TowedArray,0.188
Medium (200t),200,4,NearSeafloor,0.062
Medium (200t),200,4,NearWrecks,0.088
Medium (200t),200,4,Seafloor+Wrecks,0.044
Medium (200t),200,4,Towed+Seafloor,0.094
Medium (200t),200,4,Towed+Wrecks,0.131
Medium (200t),200,4,Towed+Seafloor+Wrecks,0.066
Medium (200t),200,4.5,Base,0.099
Medium (200t),200,4.5,TowedArray,0.148
Medium (200t),200,4.5,NearSeafloor,0.049
Medium (200t),200,4.5,NearWrecks,0.069
Medium (200t),200,4.5,Seafloor+Wrecks,0.035
Medium (200t),200,4.5,Towed+Seafloor,0.074
Medium (200t),200,4.5,Towed+Wrecks,0.104
Medium (200t),200,4.5,Towed+Seafloor+Wrecks,0.052
Medium (200t),200,5,Base,0.08
Medium (200t),200,5,TowedArray,0.12
Medium (200t),200,5,NearSeafloor,0.04
Medium (200t),200,5,NearWrecks,0.056
Medium (200t),200,5,Seafloor+Wrecks,0.028
Medium (200t),200,5,Towed+Seafloor,0.06
Medium (200t),200,5,Towed+Wrecks,0.084
Medium (200t),200,5,Towed+Seafloor+Wrecks,0.042
Medium (200t),200,5.5,Base,0.066
Medium (200t),200,5.5,TowedArray,0.099
Medium (200t),200,5.5,NearSeafloor,0.033
Medium (200t),200,5.5,NearWrecks,0.046
Medium (200t),200,5.5,Seafloor+Wrecks,0.023
Medium (200t),200,5.5,Towed+Seafloor,0.05
Medium (200t),200,5.5,Towed+Wrecks,0.069
Medium (200t),200,5.5,Towed+Seafloor+Wrecks,0.035
Medium (200t),200,6,Base,0.056
Medium (200t),200,6,TowedArray,0.083
Medium (200t),200,6,NearSeafloor,0.028
Medium (200t),200,6,NearWrecks,0.039
Medium (200t),200,6,Seafloor+Wrecks,0.019
Medium (200t),200,6,Towed+Seafloor,0.042
Medium (200t),200,6,Towed+Wrecks,0.058
Medium (200t),200,6,Towed+Seafloor+Wrecks,0.029
Medium (200t),200,6.5,Base,0.047
Medium (200t),200,6.5,TowedArray,0.071
Medium (200t),200,6.5,NearSeafloor,0.024
Medium (200t),200,6.5,NearWrecks,0.033
Medium (200t),200,6.5,Seafloor+Wrecks,0.017
Medium (200t),200,6.5,Towed+Seafloor,0.036
Medium (200t),200,6.5,Towed+Wrecks,0.05
Medium (200t),200,6.5,Towed+Seafloor+Wrecks,0.025
Medium (200t),200,7,Base,0.041
Medium (200t),200,7,TowedArray,0.061
Medium (200t),200,7,NearSeafloor,0.02
Medium (200t),200,7,NearWrecks,0.029
Medium (200t),200,7,Seafloor+Wrecks,0.014
Medium (200t),200,7,Towed+Seafloor,0.031
Medium (200t),200,7,Towed+Wrecks,0.043
Medium (200t),200,7,Towed+Seafloor+Wrecks,0.021
Medium (200t),200,7.5,Base,0.036
Medium (200t),200,7.5,TowedArray,0.053
Medium (200t),200,7.5,NearSeafloor,0.018
Medium (200t),200,7.5,NearWrecks,0.025
Medium (200t),200,7.5,Seafloor+Wrecks,0.012
Medium (200t),200,7.5,Towed+Seafloor,0.027
Medium (200t),200,7.5,Towed+Wrecks,0.037
Medium (200t),200,7.5,Towed+Seafloor+Wrecks,0.019
Medium (200t),200,8,Base,0.031
Medium (200t),200,8,TowedArray,0.047
Medium (200t),200,8,NearSeafloor,0.016
Medium (200t),200,8,NearWrecks,0.022
Medium (200t),200,8,Seafloor+Wrecks,0.011
Medium (200t),200,8,Towed+Seafloor,0.023
Medium (200t),200,8,Towed+Wrecks,0.033
Medium (200t),200,8,Towed+Seafloor+Wrecks,0.016
Medium (200t),200,8.5,Base,0.028
Medium (200t),200,8.5,TowedArray,0.042
Medium (200t),200,8.5,NearSeafloor,0.014
Medium (200t),200,8.5,NearWrecks,0.019
Medium (200t),200,8.5,Seafloor+Wrecks,0.01
Medium (200t),200,8.5,Towed+Seafloor,0.021
Medium (200t),200,8.5,Towed+Wrecks,0.029
Medium (200t),200,8.5,Towed+Seafloor+Wrecks,0.015
Medium (200t),200,9,Base,0.025
Medium (200t),200,9,TowedArray,0.037
Medium (200t),200,9,NearSeafloor,0.012
Medium (200t),200,9,NearWrecks,0.017
Medium (200t),200,9,Seafloor+Wrecks,0.009
Medium (200t),200,9,Towed+Seafloor,0.019
Medium (200t),200,9,Towed+Wrecks,0.026
Medium (200t),200,9,Towed+Seafloor+Wrecks,0.013
Medium (200t),200,9.5,Base,0.022
Medium (200t),200,9.5,TowedArray,0.033
Medium (200t),200,9.5,NearSeafloor,0.011
Medium (200t),200,9.5,NearWrecks,0.016
Medium (200t),200,9.5,Seafloor+Wrecks,0.008
Medium (200t),200,9.5,Towed+Seafloor,0.017
Medium (200t),200,9.5,Towed+Wrecks,0.023
Medium (200t),200,9.5,Towed+Seafloor+Wrecks,0.012
Medium (200t),200,10,Base,0.02
Medium (200t),200,10,TowedArray,0.03
Medium (200t),200,10,NearSeafloor,0.01
Medium (200t),200,10,NearWrecks,0.014
Medium (200t),200,10,Seafloor+Wrecks,0.007
Medium (200t),200,10,Towed+Seafloor,0.015
Medium (200t),200,10,Towed+Wrecks,0.021
Medium (200t),200,10,Towed+Seafloor+Wrecks,0.011
Heavy (500t),500,0.5,Base,1
Heavy (500t),500,0.5,TowedArray,1
Heavy (500t),500,0.5,NearSeafloor,0.5
Heavy (500t),500,0.5,NearWrecks,0.7
Heavy (500t),500,0.5,Seafloor+Wrecks,0.35
Heavy (500t),500,0.5,Towed+Seafloor,0.75
Heavy (500t),500,0.5,Towed+Wrecks,1
Heavy (500t),500,0.5,Towed+Seafloor+Wrecks,0.525
Heavy (500t),500,1,Base,1
Heavy (500t),500,1,TowedArray,1
Heavy (500t),500,1,NearSeafloor,0.5
Heavy (500t),500,1,NearWrecks,0.7
Heavy (500t),500,1,Seafloor+Wrecks,0.35
Heavy (500t),500,1,Towed+Seafloor,0.75
Heavy (500t),500,1,Towed+Wrecks,1
Heavy (500t),500,1,Towed+Seafloor+Wrecks,0.525
Heavy (500t),500,1.5,Base,1
Heavy (500t),500,1.5,TowedArray,1
Heavy (500t),500,1.5,NearSeafloor,0.5
Heavy (500t),500,1.5,NearWrecks,0.7
Heavy (500t),500,1.5,Seafloor+Wrecks,0.35
Heavy (500t),500,1.5,Towed+Seafloor,0.75
Heavy (500t),500,1.5,Towed+Wrecks,1
Heavy (500t),500,1.5,Towed+Seafloor+Wrecks,0.525
Heavy (500t),500,2,Base,1
Heavy (500t),500,2,TowedArray,1
Heavy (500t),500,2,NearSeafloor,0.5
Heavy (500t),500,2,NearWrecks,0.7
Heavy (500t),500,2,Seafloor+Wrecks,0.35
Heavy (500t),500,2,Towed+Seafloor,0.75
Heavy (500t),500,2,Towed+Wrecks,1
Heavy (500t),500,2,Towed+Seafloor+Wrecks,0.525
Heavy (500t),500,2.5,Base,0.72
Heavy (500t),500,2.5,TowedArray,1
Heavy (500t),500,2.5,NearSeafloor,0.36
Heavy (500t),500,2.5,NearWrecks,0.504
Heavy (500t),500,2.5,Seafloor+Wrecks,0.252
Heavy (500t),500,2.5,Towed+Seafloor,0.54
Heavy (500t),500,2.5,Towed+Wrecks,0.756
Heavy (500t),500,2.5,Towed+Seafloor+Wrecks,0.378
Heavy (500t),500,3,Base,0.5
Heavy (500t),500,3,TowedArray,0.75
Heavy (500t),500,3,NearSeafloor,0.25
Heavy (500t),500,3,NearWrecks,0.35
Heavy (500t),500,3,Seafloor+Wrecks,0.175
Heavy (500t),500,3,Towed+Seafloor,0.375
Heavy (500t),500,3,Towed+Wrecks,0.525
Heavy (500t),500,3,Towed+Seafloor+Wrecks,0.262
Heavy (500t),500,3.5,Base,0.367
Heavy (500t),500,3.5,TowedArray,0.551
Heavy (500t),500,3.5,NearSeafloor,0.184
Heavy (500t),500,3.5,NearWrecks,0.257
Heavy (500t),500,3.5,Seafloor+Wrecks,0.129
Heavy (500t),500,3.5,Towed+Seafloor,0.276
Heavy (500t),500,3.5,Towed+Wrecks,0.386
Heavy (500t),500,3.5,Towed+Seafloor+Wrecks,0.193
Heavy (500t),500,4,Base,0.281
Heavy (500t),500,4,TowedArray,0.422
Heavy (500t),500,4,NearSeafloor,0.141
Heavy (500t),500,4,NearWrecks,0.197
Heavy (500t),500,4,Seafloor+Wrecks,0.098
Heavy (500t),500,4,Towed+Seafloor,0.211
Heavy (500t),500,4,Towed+Wrecks,0.295
Heavy (500t),500,4,Towed+Seafloor+Wrecks,0.148
Heavy (500t),500,4.5,Base,0.222
Heavy (500t),500,4.5,TowedArray,0.333
Heavy (500t),500,4.5,NearSeafloor,0.111
Heavy (500t),500,4.5,NearWrecks,0.156
Heavy (500t),500,4.5,Seafloor+Wrecks,0.078
Heavy (500t),500,4.5,Towed+Seafloor,0.167
Heavy (500t),500,4.5,Towed+Wrecks,0.233
Heavy (500t),500,4.5,Towed+Seafloor+Wrecks,0.117
Heavy (500t),500,5,Base,0.18
Heavy (500t),500,5,TowedArray,0.27
Heavy (500t),500,5,NearSeafloor,0.09
Heavy (500t),500,5,NearWrecks,0.126
Heavy (500t),500,5,Seafloor+Wrecks,0.063
Heavy (500t),500,5,Towed+Seafloor,0.135
Heavy (500t),500,5,Towed+Wrecks,0.189
Heavy (500t),500,5,Towed+Seafloor+Wrecks,0.094
Heavy (500t),500,5.5,Base,0.149
Heavy (500t),500,5.5,TowedArray,0.223
Heavy (500t),500,5.5,NearSeafloor,0.074
Heavy (500t),500,5.5,NearWrecks,0.104
Heavy (500t),500,5.5,Seafloor+Wrecks,0.052
Heavy (500t),500,5.5,Towed+Seafloor,0.112
Heavy (500t),500,5.5,Towed+Wrecks,0.156
Heavy (500t),500,5.5,Towed+Seafloor+Wrecks,0.078
Heavy (500t),500,6,Base,0.125
Heavy (500t),500,6,TowedArray,0.188
Heavy (500t),500,6,NearSeafloor,0.062
Heavy (500t),500,6,NearWrecks,0.088
Heavy (500t),500,6,Seafloor+Wrecks,0.044
Heavy (500t),500,6,Towed+Seafloor,0.094
Heavy (500t),500,6,Towed+Wrecks,0.131
Heavy (500t),500,6,Towed+Seafloor+Wrecks,0.066
Heavy (500t),500,6.5,Base,0.107
Heavy (500t),500,6.5,TowedArray,0.16
Heavy (500t),500,6.5,NearSeafloor,0.053
Heavy (500t),500,6.5,NearWrecks,0.075
Heavy (500t),500,6.5,Seafloor+Wrecks,0.037
Heavy (500t),500,6.5,Towed+Seafloor,0.08
Heavy (500t),500,6.5,Towed+Wrecks,0.112
Heavy (500t),500,6.5,Towed+Seafloor+Wrecks,0.056
Heavy (500t),500,7,Base,0.092
Heavy (500t),500,7,TowedArray,0.138
Heavy (500t),500,7,NearSeafloor,0.046
Heavy (500t),500,7,NearWrecks,0.064
Heavy (500t),500,7,Seafloor+Wrecks,0.032
Heavy (500t),500,7,Towed+Seafloor,0.069
Heavy (500t),500,7,Towed+Wrecks,0.096
Heavy (500t),500,7,Towed+Seafloor+Wrecks,0.048
Heavy (500t),500,7.5,Base,0.08
Heavy (500t),500,7.5,TowedArray,0.12
Heavy (500t),500,7.5,NearSeafloor,0.04
Heavy (500t),500,7.5,NearWrecks,0.056
Heavy (500t),500,7.5,Seafloor+Wrecks,0.028
Heavy (500t),500,7.5,Towed+Seafloor,0.06
Heavy (500t),500,7.5,Towed+Wrecks,0.084
Heavy (500t),500,7.5,Towed+Seafloor+Wrecks,0.042
Heavy (500t),500,8,Base,0.07
Heavy (500t),500,8,TowedArray,0.105
Heavy (500t),500,8,NearSeafloor,0.035
Heavy (500t),500,8,NearWrecks,0.049
Heavy (500t),500,8,Seafloor+Wrecks,0.025
Heavy (500t),500,8,Towed+Seafloor,0.053
Heavy (500t),500,8,Towed+Wrecks,0.074
Heavy (500t),500,8,Towed+Seafloor+Wrecks,0.037
Heavy (500t),500,8.5,Base,0.062
Heavy (500t),500,8.5,TowedArray,0.093
Heavy (500t),500,8.5,NearSeafloor,0.031
Heavy (500t),500,8.5,NearWrecks,0.044
Heavy (500t),500,8.5,Seafloor+Wrecks,0.022
Heavy (500t),500,8.5,Towed+Seafloor,0.047
Heavy (500t),500,8.5,Towed+Wrecks,0.065
Heavy (500t),500,8.5,Towed+Seafloor+Wrecks,0.033
Heavy (500t),500,9,Base,0.056
Heavy (500t),500,9,TowedArray,0.083
Heavy (500t),500,9,NearSeafloor,0.028
Heavy (500t),500,9,NearWrecks,0.039
Heavy (500t),500,9,Seafloor+Wrecks,0.019
Heavy (500t),500,9,Towed+Seafloor,0.042
Heavy (500t),500,9,Towed+Wrecks,0.058
Heavy (500t),500,9,Towed+Seafloor+Wrecks,0.029
Heavy (500t),500,9.5,Base,0.05
Heavy (500t),500,9.5,TowedArray,0.075
Heavy (500t),500,9.5,NearSeafloor,0.025
Heavy (500t),500,9.5,NearWrecks,0.035
Heavy (500t),500,9.5,Seafloor+Wrecks,0.017
Heavy (500t),500,9.5,Towed+Seafloor,0.037
Heavy (500t),500,9.5,Towed+Wrecks,0.052
Heavy (500t),500,9.5,Towed+Seafloor+Wrecks,0.026
Heavy (500t),500,10,Base,0.045
Heavy (500t),500,10,TowedArray,0.068
Heavy (500t),500,10,NearSeafloor,0.022
Heavy (500t),500,10,NearWrecks,0.032
Heavy (500t),500,10,Seafloor+Wrecks,0.016
Heavy (500t),500,10,Towed+Seafloor,0.034
Heavy (500t),500,10,Towed+Wrecks,0.047
Heavy (500t),500,10,Towed+Seafloor+Wrecks,0.024
Strike (1000t),1000,0.5,Base,1
Strike (1000t),1000,0.5,TowedArray,1
Strike (1000t),1000,0.5,NearSeafloor,0.5
Strike (1000t),1000,0.5,NearWrecks,0.7
Strike (1000t),1000,0.5,Seafloor+Wrecks,0.35
Strike (1000t),1000,0.5,Towed+Seafloor,0.75
Strike (1000t),1000,0.5,Towed+Wrecks,1
Strike (1000t),1000,0.5,Towed+Seafloor+Wrecks,0.525
Strike (1000t),1000,1,Base,1
Strike (1000t),1000,1,TowedArray,1
Strike (1000t),1000,1,NearSeafloor,0.5
Strike (1000t),1000,1,NearWrecks,0.7
Strike (1000t),1000,1,Seafloor+Wrecks,0.35
Strike (1000t),1000,1,Towed+Seafloor,0.75
Strike (1000t),1000,1,Towed+Wrecks,1
Strike (1000t),1000,1,Towed+Seafloor+Wrecks,0.525
Strike (1000t),1000,1.5,Base,1
Strike (1000t),1000,1.5,TowedArray,1
Strike (1000t),1000,1.5,NearSeafloor,0.5
Strike (1000t),1000,1.5,NearWrecks,0.7
Strike (1000t),1000,1.5,Seafloor+Wrecks,0.35
Strike (1000t),1000,1.5,Towed+Seafloor,0.75
Strike (1000t),1000,1.5,Towed+Wrecks,1
Strike (1000t),1000,1.5,Towed+Seafloor+Wrecks,0.525
Strike (1000t),1000,2,Base,1
Strike (1000t),1000,2,TowedArray,1
Strike (1000t),1000,2,NearSeafloor,0.5
Strike (1000t),1000,2,NearWrecks,0.7
Strike (1000t),1000,2,Seafloor+Wrecks,0.35
Strike (1000t),1000,2,Towed+Seafloor,0.75
Strike (1000t),1000,2,Towed+Wrecks,1
Strike (1000t),1000,2,Towed+Seafloor+Wrecks,0.525
Strike (1000t),1000,2.5,Base,1
Strike (1000t),1000,2.5,TowedArray,1
Strike (1000t),1000,2.5,NearSeafloor,0.5
Strike (1000t),1000,2.5,NearWrecks,0.7
Strike (1000t),1000,2.5,Seafloor+Wrecks,0.35
Strike (1000t),1000,2.5,Towed+Seafloor,0.75
Strike (1000t),1000,2.5,Towed+Wrecks,1
Strike (1000t),1000,2.5,Towed+Seafloor+Wrecks,0.525
Strike (1000t),1000,3,Base,0.889
Strike (1000t),1000,3,TowedArray,1
Strike (1000t),1000,3,NearSeafloor,0.444
Strike (1000t),1000,3,NearWrecks,0.622
Strike (1000t),1000,3,Seafloor+Wrecks,0.311
Strike (1000t),1000,3,Towed+Seafloor,0.667
Strike (1000t),1000,3,Towed+Wrecks,0.933
Strike (1000t),1000,3,Towed+Seafloor+Wrecks,0.467
Strike (1000t),1000,3.5,Base,0.653
Strike (1000t),1000,3.5,TowedArray,0.98
Strike (1000t),1000,3.5,NearSeafloor,0.327
Strike (1000t),1000,3.5,NearWrecks,0.457
Strike (1000t),1000,3.5,Seafloor+Wrecks,0.229
Strike (1000t),1000,3.5,Towed+Seafloor,0.49
Strike (1000t),1000,3.5,Towed+Wrecks,0.686
Strike (1000t),1000,3.5,Towed+Seafloor+Wrecks,0.343
Strike (1000t),1000,4,Base,0.5
Strike (1000t),1000,4,TowedArray,0.75
Strike (1000t),1000,4,NearSeafloor,0.25
Strike (1000t),1000,4,NearWrecks,0.35
Strike (1000t),1000,4,Seafloor+Wrecks,0.175
Strike (1000t),1000,4,Towed+Seafloor,0.375
Strike (1000t),1000,4,Towed+Wrecks,0.525
Strike (1000t),1000,4,Towed+Seafloor+Wrecks,0.262
Strike (1000t),1000,4.5,Base,0.395
Strike (1000t),1000,4.5,TowedArray,0.593
Strike (1000t),1000,4.5,NearSeafloor,0.198
Strike (1000t),1000,4.5,NearWrecks,0.277
Strike (1000t),1000,4.5,Seafloor+Wrecks,0.138
Strike (1000t),1000,4.5,Towed+Seafloor,0.296
Strike (1000t),1000,4.5,Towed+Wrecks,0.415
Strike (1000t),1000,4.5,Towed+Seafloor+Wrecks,0.207
Strike (1000t),1000,5,Base,0.32
Strike (1000t),1000,5,TowedArray,0.48
Strike (1000t),1000,5,NearSeafloor,0.16
Strike (1000t),1000,5,NearWrecks,0.224
Strike (1000t),1000,5,Seafloor+Wrecks,0.112
Strike (1000t),1000,5,Towed+Seafloor,0.24
Strike (1000t),1000,5,Towed+Wrecks,0.336
Strike (1000t),1000,5,Towed+Seafloor+Wrecks,0.168
Strike (1000t),1000,5.5,Base,0.264
Strike (1000t),1000,5.5,TowedArray,0.397
Strike (1000t),1000,5.5,NearSeafloor,0.132
Strike (1000t),1000,5.5,NearWrecks,0.185
Strike (1000t),1000,5.5,Seafloor+Wrecks,0.093
Strike (1000t),1000,5.5,Towed+Seafloor,0.198
Strike (1000t),1000,5.5,Towed+Wrecks,0.278
Strike (1000t),1000,5.5,Towed+Seafloor+Wrecks,0.139
Strike (1000t),1000,6,Base,0.222
Strike (1000t),1000,6,TowedArray,0.333
Strike (1000t),1000,6,NearSeafloor,0.111
Strike (1000t),1000,6,NearWrecks,0.156
Strike (1000t),1000,6,Seafloor+Wrecks,0.078
Strike (1000t),1000,6,Towed+Seafloor,0.167
Strike (1000t),1000,6,Towed+Wrecks,0.233
Strike (1000t),1000,6,Towed+Seafloor+Wrecks,0.117
Strike (1000t),1000,6.5,Base,0.189
Strike (1000t),1000,6.5,TowedArray,0.284
Strike (1000t),1000,6.5,NearSeafloor,0.095
Strike (1000t),1000,6.5,NearWrecks,0.133
Strike (1000t),1000,6.5,Seafloor+Wrecks,0.066
Strike (1000t),1000,6.5,Towed+Seafloor,0.142
Strike (1000t),1000,6.5,Towed+Wrecks,0.199
Strike (1000t),1000,6.5,Towed+Seafloor+Wrecks,0.099
Strike (1000t),1000,7,Base,0.163
Strike (1000t),1000,7,TowedArray,0.245
Strike (1000t),1000,7,NearSeafloor,0.082
Strike (1000t),1000,7,NearWrecks,0.114
Strike (1000t),1000,7,Seafloor+Wrecks,0.057
Strike (1000t),1000,7,Towed+Seafloor,0.122
Strike (1000t),1000,7,Towed+Wrecks,0.171
Strike (1000t),1000,7,Towed+Seafloor+Wrecks,0.086
Strike (1000t),1000,7.5,Base,0.142
Strike (1000t),1000,7.5,TowedArray,0.213
Strike (1000t),1000,7.5,NearSeafloor,0.071
Strike (1000t),1000,7.5,NearWrecks,0.1
Strike (1000t),1000,7.5,Seafloor+Wrecks,0.05
Strike (1000t),1000,7.5,Towed+Seafloor,0.107
Strike (1000t),1000,7.5,Towed+Wrecks,0.149
Strike (1000t),1000,7.5,Towed+Seafloor+Wrecks,0.075
Strike (1000t),1000,8,Base,0.125
Strike (1000t),1000,8,TowedArray,0.188
Strike (1000t),1000,8,NearSeafloor,0.062
Strike (1000t),1000,8,NearWrecks,0.088
Strike (1000t),1000,8,Seafloor+Wrecks,0.044
Strike (1000t),1000,8,Towed+Seafloor,0.094
Strike (1000t),1000,8,Towed+Wrecks,0.131
Strike (1000t),1000,8,Towed+Seafloor+Wrecks,0.066
Strike (1000t),1000,8.5,Base,0.111
Strike (1000t),1000,8.5,TowedArray,0.166
Strike (1000t),1000,8.5,NearSeafloor,0.055
Strike (1000t),1000,8.5,NearWrecks,0.078
Strike (1000t),1000,8.5,Seafloor+Wrecks,0.039
Strike (1000t),1000,8.5,Towed+Seafloor,0.083
Strike (1000t),1000,8.5,Towed+Wrecks,0.116
Strike (1000t),1000,8.5,Towed+Seafloor+Wrecks,0.058
Strike (1000t),1000,9,Base,0.099
Strike (1000t),1000,9,TowedArray,0.148
Strike (1000t),1000,9,NearSeafloor,0.049
Strike (1000t),1000,9,NearWrecks,0.069
Strike (1000t),1000,9,Seafloor+Wrecks,0.035
Strike (1000t),1000,9,Towed+Seafloor,0.074
Strike (1000t),1000,9,Towed+Wrecks,0.104
Strike (1000t),1000,9,Towed+Seafloor+Wrecks,0.052
Strike (1000t),1000,9.5,Base,0.089
Strike (1000t),1000,9.5,TowedArray,0.133
Strike (1000t),1000,9.5,NearSeafloor,0.044
Strike (1000t),1000,9.5,NearWrecks,0.062
Strike (1000t),1000,9.5,Seafloor+Wrecks,0.031
Strike (1000t),1000,9.5,Towed+Seafloor,0.066
Strike (1000t),1000,9.5,Towed+Wrecks,0.093
Strike (1000t),1000,9.5,Towed+Seafloor+Wrecks,0.047
Strike (1000t),1000,10,Base,0.08
Strike (1000t),1000,10,TowedArray,0.12
Strike (1000t),1000,10,NearSeafloor,0.04
Strike (1000t),1000,10,NearWrecks,0.056
Strike (1000t),1000,10,Seafloor+Wrecks,0.028
Strike (1000t),1000,10,Towed+Seafloor,0.06
Strike (1000t),1000,10,Towed+Wrecks,0.084
Strike (1000t),1000,10,Towed+Seafloor+Wrecks,0.042
Strategic (5000t),5000,0.5,Base,1
Strategic (5000t),5000,0.5,TowedArray,1
Strategic (5000t),5000,0.5,NearSeafloor,0.5
Strategic (5000t),5000,0.5,NearWrecks,0.7
Strategic (5000t),5000,0.5,Seafloor+Wrecks,0.35
Strategic (5000t),5000,0.5,Towed+Seafloor,0.75
Strategic (5000t),5000,0.5,Towed+Wrecks,1
Strategic (5000t),5000,0.5,Towed+Seafloor+Wrecks,0.525
Strategic (5000t),5000,1,Base,1
Strategic (5000t),5000,1,TowedArray,1
Strategic (5000t),5000,1,NearSeafloor,0.5
Strategic (5000t),5000,1,NearWrecks,0.7
Strategic (5000t),5000,1,Seafloor+Wrecks,0.35
Strategic (5000t),5000,1,Towed+Seafloor,0.75
Strategic (5000t),5000,1,Towed+Wrecks,1
Strategic (5000t),5000,1,Towed+Seafloor+Wrecks,0.525
Strategic (5000t),5000,1.5,Base,1
Strategic (5000t),5000,1.5,TowedArray,1
Strategic (5000t),5000,1.5,NearSeafloor,0.5
Strategic (5000t),5000,1.5,NearWrecks,0.7
Strategic (5000t),5000,1.5,Seafloor+Wrecks,0.35
Strategic (5000t),5000,1.5,Towed+Seafloor,0.75
Strategic (5000t),5000,1.5,Towed+Wrecks,1
Strategic (5000t),5000,1.5,Towed+Seafloor+Wrecks,0.525
Strategic (5000t),5000,2,Base,1
Strategic (5000t),5000,2,TowedArray,1
Strategic (5000t),5000,2,NearSeafloor,0.5
Strategic (5000t),5000,2,NearWrecks,0.7
Strategic (5000t),5000,2,Seafloor+Wrecks,0.35
Strategic (5000t),5000,2,Towed+Seafloor,0.75
Strategic (5000t),5000,2,Towed+Wrecks,1
Strategic (5000t),5000,2,Towed+Seafloor+Wrecks,0.525
Strategic (5000t),5000,2.5,Base,1
Strategic (5000t),5000,2.5,TowedArray,1
Strategic (5000t),5000,2.5,NearSeafloor,0.5
Strategic (5000t),5000,2.5,NearWrecks,0.7
Strategic (5000t),5000,2.5,Seafloor+Wrecks,0.35
Strategic (5000t),5000,2.5,Towed+Seafloor,0.75
Strategic (5000t),5000,2.5,Towed+Wrecks,1
Strategic (5000t),5000,2.5,Towed+Seafloor+Wrecks,0.525
Strategic (5000t),5000,3,Base,1
Strategic (5000t),5000,3,TowedArray,1
Strategic (5000t),5000,3,NearSeafloor,0.5
Strategic (5000t),5000,3,NearWrecks,0.7
Strategic (5000t),5000,3,Seafloor+Wrecks,0.35
Strategic (5000t),5000,3,Towed+Seafloor,0.75
Strategic (5000t),5000,3,Towed+Wrecks,1
Strategic (5000t),5000,3,Towed+Seafloor+Wrecks,0.525
Strategic (5000t),5000,3.5,Base,1
Strategic (5000t),5000,3.5,TowedArray,1
Strategic (5000t),5000,3.5,NearSeafloor,0.5
Strategic (5000t),5000,3.5,NearWrecks,0.7
Strategic (5000t),5000,3.5,Seafloor+Wrecks,0.35
Strategic (5000t),5000,3.5,Towed+Seafloor,0.75
Strategic (5000t),5000,3.5,Towed+Wrecks,1
Strategic (5000t),5000,3.5,Towed+Seafloor+Wrecks,0.525
Strategic (5000t),5000,4,Base,1
Strategic (5000t),5000,4,TowedArray,1
Strategic (5000t),5000,4,NearSeafloor,0.5
Strategic (5000t),5000,4,NearWrecks,0.7
Strategic (5000t),5000,4,Seafloor+Wrecks,0.35
Strategic (5000t),5000,4,Towed+Seafloor,0.75
Strategic (5000t),5000,4,Towed+Wrecks,1
Strategic (5000t),5000,4,Towed+Seafloor+Wrecks,0.525
Strategic (5000t),5000,4.5,Base,0.889
Strategic (5000t),5000,4.5,TowedArray,1
Strategic (5000t),5000,4.5,NearSeafloor,0.444
Strategic (5000t),5000,4.5,NearWrecks,0.622
Strategic (5000t),5000,4.5,Seafloor+Wrecks,0.311
Strategic (5000t),5000,4.5,Towed+Seafloor,0.667
Strategic (5000t),5000,4.5,Towed+Wrecks,0.933
Strategic (5000t),5000,4.5,Towed+Seafloor+Wrecks,0.467
Strategic (5000t),5000,5,Base,0.72
Strategic (5000t),5000,5,TowedArray,1
Strategic (5000t),5000,5,NearSeafloor,0.36
Strategic (5000t),5000,5,NearWrecks,0.504
Strategic (5000t),5000,5,Seafloor+Wrecks,0.252
Strategic (5000t),5000,5,Towed+Seafloor,0.54
Strategic (5000t),5000,5,Towed+Wrecks,0.756
Strategic (5000t),5000,5,Towed+Seafloor+Wrecks,0.378
Strategic (5000t),5000,5.5,Base,0.595
Strategic (5000t),5000,5.5,TowedArray,0.893
Strategic (5000t),5000,5.5,NearSeafloor,0.298
Strategic (5000t),5000,5.5,NearWrecks,0.417
Strategic (5000t),5000,5.5,Seafloor+Wrecks,0.208
Strategic (5000t),5000,5.5,Towed+Seafloor,0.446
Strategic (5000t),5000,5.5,Towed+Wrecks,0.625
Strategic (5000t),5000,5.5,Towed+Seafloor+Wrecks,0.312
Strategic (5000t),5000,6,Base,0.5
Strategic (5000t),5000,6,TowedArray,0.75
Strategic (5000t),5000,6,NearSeafloor,0.25
Strategic (5000t),5000,6,NearWrecks,0.35
Strategic (5000t),5000,6,Seafloor+Wrecks,0.175
Strategic (5000t),5000,6,Towed+Seafloor,0.375
Strategic (5000t),5000,6,Towed+Wrecks,0.525
Strategic (5000t),5000,6,Towed+Seafloor+Wrecks,0.262
Strategic (5000t),5000,6.5,Base,0.426
Strategic (5000t),5000,6.5,TowedArray,0.639
Strategic (5000t),5000,6.5,NearSeafloor,0.213
Strategic (5000t),5000,6.5,NearWrecks,0.298
Strategic (5000t),5000,6.5,Seafloor+Wrecks,0.149
Strategic (5000t),5000,6.5,Towed+Seafloor,0.32
Strategic (5000t),5000,6.5,Towed+Wrecks,0.447
Strategic (5000t),5000,6.5,Towed+Seafloor+Wrecks,0.224
Strategic (5000t),5000,7,Base,0.367
Strategic (5000t),5000,7,TowedArray,0.551
Strategic (5000t),5000,7,NearSeafloor,0.184
Strategic (5000t),5000,7,NearWrecks,0.257
Strategic (5000t),5000,7,Seafloor+Wrecks,0.129
Strategic (5000t),5000,7,Towed+Seafloor,0.276
Strategic (5000t),5000,7,Towed+Wrecks,0.386
Strategic (5000t),5000,7,Towed+Seafloor+Wrecks,0.193
Strategic (5000t),5000,7.5,Base,0.32
Strategic (5000t),5000,7.5,TowedArray,0.48
Strategic (5000t),5000,7.5,NearSeafloor,0.16
Strategic (5000t),5000,7.5,NearWrecks,0.224
Strategic (5000t),5000,7.5,Seafloor+Wrecks,0.112
Strategic (5000t),5000,7.5,Towed+Seafloor,0.24
Strategic (5000t),5000,7.5,Towed+Wrecks,0.336
Strategic (5000t),5000,7.5,Towed+Seafloor+Wrecks,0.168
Strategic (5000t),5000,8,Base,0.281
Strategic (5000t),5000,8,TowedArray,0.422
Strategic (5000t),5000,8,NearSeafloor,0.141
Strategic (5000t),5000,8,NearWrecks,0.197
Strategic (5000t),5000,8,Seafloor+Wrecks,0.098
Strategic (5000t),5000,8,Towed+Seafloor,0.211
Strategic (5000t),5000,8,Towed+Wrecks,0.295
Strategic (5000t),5000,8,Towed+Seafloor+Wrecks,0.148
Strategic (5000t),5000,8.5,Base,0.249
Strategic (5000t),5000,8.5,TowedArray,0.374
Strategic (5000t),5000,8.5,NearSeafloor,0.125
Strategic (5000t),5000,8.5,NearWrecks,0.174
Strategic (5000t),5000,8.5,Seafloor+Wrecks,0.087
Strategic (5000t),5000,8.5,Towed+Seafloor,0.187
Strategic (5000t),5000,8.5,Towed+Wrecks,0.262
Strategic (5000t),5000,8.5,Towed+Seafloor+Wrecks,0.131
Strategic (5000t),5000,9,Base,0.222
Strategic (5000t),5000,9,TowedArray,0.333
Strategic (5000t),5000,9,NearSeafloor,0.111
Strategic (5000t),5000,9,NearWrecks,0.156
Strategic (5000t),5000,9,Seafloor+Wrecks,0.078
Strategic (5000t),5000,9,Towed+Seafloor,0.167
Strategic (5000t),5000,9,Towed+Wrecks,0.233
Strategic (5000t),5000,9,Towed+Seafloor+Wrecks,0.117
Strategic (5000t),5000,9.5,Base,0.199
Strategic (5000t),5000,9.5,TowedArray,0.299
Strategic (5000t),5000,9.5,NearSeafloor,0.1
Strategic (5000t),5000,9.5,NearWrecks,0.14
Strategic (5000t),5000,9.5,Seafloor+Wrecks,0.07
Strategic (5000t),5000,9.5,Towed+Seafloor,0.15
Strategic (5000t),5000,9.5,Towed+Wrecks,0.209
Strategic (5000t),5000,9.5,Towed+Seafloor+Wrecks,0.105
Strategic (5000t),5000,10,Base,0.18
Strategic (5000t),5000,10,TowedArray,0.27
Strategic (5000t),5000,10,NearSeafloor,0.09
Strategic (5000t),5000,10,NearWrecks,0.126
Strategic (5000t),5000,10,Seafloor+Wrecks,0.063
Strategic (5000t),5000,10,Towed+Seafloor,0.135
Strategic (5000t),5000,10,Towed+Wrecks,0.189
Strategic (5000t),5000,10,Towed+Seafloor+Wrecks,0.094
Super-strategic (20000t),20000,0.5,Base,1
Super-strategic (20000t),20000,0.5,TowedArray,1
Super-strategic (20000t),20000,0.5,NearSeafloor,0.5
Super-strategic (20000t),20000,0.5,NearWrecks,0.7
Super-strategic (20000t),20000,0.5,Seafloor+Wrecks,0.35
Super-strategic (20000t),20000,0.5,Towed+Seafloor,0.75
Super-strategic (20000t),20000,0.5,Towed+Wrecks,1
Super-strategic (20000t),20000,0.5,Towed+Seafloor+Wrecks,0.525
Super-strategic (20000t),20000,1,Base,1
Super-strategic (20000t),20000,1,TowedArray,1
Super-strategic (20000t),20000,1,NearSeafloor,0.5
Super-strategic (20000t),20000,1,NearWrecks,0.7
Super-strategic (20000t),20000,1,Seafloor+Wrecks,0.35
Super-strategic (20000t),20000,1,Towed+Seafloor,0.75
Super-strategic (20000t),20000,1,Towed+Wrecks,1
Super-strategic (20000t),20000,1,Towed+Seafloor+Wrecks,0.525
Super-strategic (20000t),20000,1.5,Base,1
Super-strategic (20000t),20000,1.5,TowedArray,1
Super-strategic (20000t),20000,1.5,NearSeafloor,0.5
Super-strategic (20000t),20000,1.5,NearWrecks,0.7
Super-strategic (20000t),20000,1.5,Seafloor+Wrecks,0.35
Super-strategic (20000t),20000,1.5,Towed+Seafloor,0.75
Super-strategic (20000t),20000,1.5,Towed+Wrecks,1
Super-strategic (20000t),20000,1.5,Towed+Seafloor+Wrecks,0.525
Super-strategic (20000t),20000,2,Base,1
Super-strategic (20000t),20000,2,TowedArray,1
Super-strategic (20000t),20000,2,NearSeafloor,0.5
Super-strategic (20000t),20000,2,NearWrecks,0.7
Super-strategic (20000t),20000,2,Seafloor+Wrecks,0.35
Super-strategic (20000t),20000,2,Towed+Seafloor,0.75
Super-strategic (20000t),20000,2,Towed+Wrecks,1
Super-strategic (20000t),20000,2,Towed+Seafloor+Wrecks,0.525
Super-strategic (20000t),20000,2.5,Base,1
Super-strategic (20000t),20000,2.5,TowedArray,1
Super-strategic (20000t),20000,2.5,NearSeafloor,0.5
Super-strategic (20000t),20000,2.5,NearWrecks,0.7
Super-strategic (20000t),20000,2.5,Seafloor+Wrecks,0.35
Super-strategic (20000t),20000,2.5,Towed+Seafloor,0.75
Super-strategic (20000t),20000,2.5,Towed+Wrecks,1
Super-strategic (20000t),20000,2.5,Towed+Seafloor+Wrecks,0.525
Super-strategic (20000t),20000,3,Base,1
Super-strategic (20000t),20000,3,TowedArray,1
Super-strategic (20000t),20000,3,NearSeafloor,0.5
Super-strategic (20000t),20000,3,NearWrecks,0.7
Super-strategic (20000t),20000,3,Seafloor+Wrecks,0.35
Super-strategic (20000t),20000,3,Towed+Seafloor,0.75
Super-strategic (20000t),20000,3,Towed+Wrecks,1
Super-strategic (20000t),20000,3,Towed+Seafloor+Wrecks,0.525
Super-strategic (20000t),20000,3.5,Base,1
Super-strategic (20000t),20000,3.5,TowedArray,1
Super-strategic (20000t),20000,3.5,NearSeafloor,0.5
Super-strategic (20000t),20000,3.5,NearWrecks,0.7
Super-strategic (20000t),20000,3.5,Seafloor+Wrecks,0.35
Super-strategic (20000t),20000,3.5,Towed+Seafloor,0.75
Super-strategic (20000t),20000,3.5,Towed+Wrecks,1
Super-strategic (20000t),20000,3.5,Towed+Seafloor+Wrecks,0.525
Super-strategic (20000t),20000,4,Base,1
Super-strategic (20000t),20000,4,TowedArray,1
Super-strategic (20000t),20000,4,NearSeafloor,0.5
Super-strategic (20000t),20000,4,NearWrecks,0.7
Super-strategic (20000t),20000,4,Seafloor+Wrecks,0.35
Super-strategic (20000t),20000,4,Towed+Seafloor,0.75
Super-strategic (20000t),20000,4,Towed+Wrecks,1
Super-strategic (20000t),20000,4,Towed+Seafloor+Wrecks,0.525
Super-strategic (20000t),20000,4.5,Base,1
Super-strategic (20000t),20000,4.5,TowedArray,1
Super-strategic (20000t),20000,4.5,NearSeafloor,0.5
Super-strategic (20000t),20000,4.5,NearWrecks,0.7
Super-strategic (20000t),20000,4.5,Seafloor+Wrecks,0.35
Super-strategic (20000t),20000,4.5,Towed+Seafloor,0.75
Super-strategic (20000t),20000,4.5,Towed+Wrecks,1
Super-strategic (20000t),20000,4.5,Towed+Seafloor+Wrecks,0.525
Super-strategic (20000t),20000,5,Base,1
Super-strategic (20000t),20000,5,TowedArray,1
Super-strategic (20000t),20000,5,NearSeafloor,0.5
Super-strategic (20000t),20000,5,NearWrecks,0.7
Super-strategic (20000t),20000,5,Seafloor+Wrecks,0.35
Super-strategic (20000t),20000,5,Towed+Seafloor,0.75
Super-strategic (20000t),20000,5,Towed+Wrecks,1
Super-strategic (20000t),20000,5,Towed+Seafloor+Wrecks,0.525
Super-strategic (20000t),20000,5.5,Base,1
Super-strategic (20000t),20000,5.5,TowedArray,1
Super-strategic (20000t),20000,5.5,NearSeafloor,0.5
Super-strategic (20000t),20000,5.5,NearWrecks,0.7
Super-strategic (20000t),20000,5.5,Seafloor+Wrecks,0.35
Super-strategic (20000t),20000,5.5,Towed+Seafloor,0.75
Super-strategic (20000t),20000,5.5,Towed+Wrecks,1
Super-strategic (20000t),20000,5.5,Towed+Seafloor+Wrecks,0.525
Super-strategic (20000t),20000,6,Base,0.889
Super-strategic (20000t),20000,6,TowedArray,1
Super-strategic (20000t),20000,6,NearSeafloor,0.444
Super-strategic (20000t),20000,6,NearWrecks,0.622
Super-strategic (20000t),20000,6,Seafloor+Wrecks,0.311
Super-strategic (20000t),20000,6,Towed+Seafloor,0.667
Super-strategic (20000t),20000,6,Towed+Wrecks,0.933
Super-strategic (20000t),20000,6,Towed+Seafloor+Wrecks,0.467
Super-strategic (20000t),20000,6.5,Base,0.757
Super-strategic (20000t),20000,6.5,TowedArray,1
Super-strategic (20000t),20000,6.5,NearSeafloor,0.379
Super-strategic (20000t),20000,6.5,NearWrecks,0.53
Super-strategic (20000t),20000,6.5,Seafloor+Wrecks,0.265
Super-strategic (20000t),20000,6.5,Towed+Seafloor,0.568
Super-strategic (20000t),20000,6.5,Towed+Wrecks,0.795
Super-strategic (20000t),20000,6.5,Towed+Seafloor+Wrecks,0.398
Super-strategic (20000t),20000,7,Base,0.653
Super-strategic (20000t),20000,7,TowedArray,0.98
Super-strategic (20000t),20000,7,NearSeafloor,0.327
Super-strategic (20000t),20000,7,NearWrecks,0.457
Super-strategic (20000t),20000,7,Seafloor+Wrecks,0.229
Super-strategic (20000t),20000,7,Towed+Seafloor,0.49
Super-strategic (20000t),20000,7,Towed+Wrecks,0.686
Super-strategic (20000t),20000,7,Towed+Seafloor+Wrecks,0.343
Super-strategic (20000t),20000,7.5,Base,0.569
Super-strategic (20000t),20000,7.5,TowedArray,0.853
Super-strategic (20000t),20000,7.5,NearSeafloor,0.284
Super-strategic (20000t),20000,7.5,NearWrecks,0.398
Super-strategic (20000t),20000,7.5,Seafloor+Wrecks,0.199
Super-strategic (20000t),20000,7.5,Towed+Seafloor,0.427
Super-strategic (20000t),20000,7.5,Towed+Wrecks,0.597
Super-strategic (20000t),20000,7.5,Towed+Seafloor+Wrecks,0.299
Super-strategic (20000t),20000,8,Base,0.5
Super-strategic (20000t),20000,8,TowedArray,0.75
Super-strategic (20000t),20000,8,NearSeafloor,0.25
Super-strategic (20000t),20000,8,NearWrecks,0.35
Super-strategic (20000t),20000,8,Seafloor+Wrecks,0.175
Super-strategic (20000t),20000,8,Towed+Seafloor,0.375
Super-strategic (20000t),20000,8,Towed+Wrecks,0.525
Super-strategic (20000t),20000,8,Towed+Seafloor+Wrecks,0.262
Super-strategic (20000t),20000,8.5,Base,0.443
Super-strategic (20000t),20000,8.5,TowedArray,0.664
Super-strategic (20000t),20000,8.5,NearSeafloor,0.221
Super-strategic (20000t),20000,8.5,NearWrecks,0.31
Super-strategic (20000t),20000,8.5,Seafloor+Wrecks,0.155
Super-strategic (20000t),20000,8.5,Towed+Seafloor,0.332
Super-strategic (20000t),20000,8.5,Towed+Wrecks,0.465
Super-strategic (20000t),20000,8.5,Towed+Seafloor+Wrecks,0.233
Super-strategic (20000t),20000,9,Base,0.395
Super-strategic (20000t),20000,9,TowedArray,0.593
Super-strategic (20000t),20000,9,NearSeafloor,0.198
Super-strategic (20000t),20000,9,NearWrecks,0.277
Super-strategic (20000t),20000,9,Seafloor+Wrecks,0.138
Super-strategic (20000t),20000,9,Towed+Seafloor,0.296
Super-strategic (20000t),20000,9,Towed+Wrecks,0.415
Super-strategic (20000t),20000,9,Towed+Seafloor+Wrecks,0.207
Super-strategic (20000t),20000,9.5,Base,0.355
Super-strategic (20000t),20000,9.5,TowedArray,0.532
Super-strategic (20000t),20000,9.5,NearSeafloor,0.177
Super-strategic (20000t),20000,9.5,NearWrecks,0.248
Super-strategic (20000t),20000,9.5,Seafloor+Wrecks,0.124
Super-strategic (20000t),20000,9.5,Towed+Seafloor,0.266
Super-strategic (20000t),20000,9.5,Towed+Wrecks,0.372
Super-strategic (20000t),20000,9.5,Towed+Seafloor+Wrecks,0.186
Super-strategic (20000t),20000,10,Base,0.32
Super-strategic (20000t),20000,10,TowedArray,0.48
Super-strategic (20000t),20000,10,NearSeafloor,0.16
Super-strategic (20000t),20000,10,NearWrecks,0.224
Super-strategic (20000t),20000,10,Seafloor+Wrecks,0.112
Super-strategic (20000t),20000,10,Towed+Seafloor,0.24
Super-strategic (20000t),20000,10,Towed+Wrecks,0.336
Super-strategic (20000t),20000,10,Towed+Seafloor+Wrecks,0.168
